file,folder,status,steps,base_att,base_hit
SET043+1.p,Pelletier,PROVED,60,7,2
SET044+1.p,Pelletier,NOT_PROVED,1534399,604094,0
SET045+1.p,Pelletier,PROVED,845,520,3
SET046+1.p,Pelletier,PROVED,267,52,4
SET047+1.p,Pelletier,NOT_PROVED,177922,48524,0
SYN001+1.p,Pelletier,PROVED,18,0,0
SYN007+1.014.p,Pelletier,NOT_PROVED,878,0,0
SYN036+1.p,Pelletier,NOT_PROVED,71211,18602,0
SYN036+2.p,Pelletier,NOT_PROVED,71323,18993,0
SYN040+1.p,Pelletier,PROVED,38,0,0
SYN041+1.p,Pelletier,PROVED,18,0,0
SYN044+1.p,Pelletier,PROVED,271,0,0
SYN045+1.p,Pelletier,PROVED,69,0,0
SYN046+1.p,Pelletier,PROVED,27,0,0
SYN047+1.p,Pelletier,PROVED,148,0,0
SYN048+1.p,Pelletier,PROVED,27,10,1
SYN049+1.p,Pelletier,PROVED,83,16,6
SYN050+1.p,Pelletier,PROVED,696,424,9
SYN051+1.p,Pelletier,PROVED,365,64,2
SYN052+1.p,Pelletier,NOT_PROVED,3120,133,0
SYN053+1.p,Pelletier,NOT_PROVED,518,0,0
SYN054+1.p,Pelletier,PROVED,384,262,173
SYN056+1.p,Pelletier,TIMEOUT,8248194,3529720,0
SYN057+1.p,Pelletier,NOT_PROVED,3279093,1193836,0
SYN058+1.p,Pelletier,NOT_PROVED,2820996,1558646,0
SYN059+1.p,Pelletier,PROVED,585,122,18
SYN060+1.p,Pelletier,PROVED,142,58,5
SYN061+1.p,Pelletier,PROVED,329,179,18
SYN062+1.p,Pelletier,PROVED,1436,615,0
SYN063+1.p,Pelletier,NOT_PROVED,1846,0,0
SYN064+1.p,Pelletier,PROVED,65,40,1
SYN065+1.p,Pelletier,PROVED,1075289,864084,37
SYN066+1.p,Pelletier,TIMEOUT,8009003,5119948,0
SYN067+1.p,Pelletier,NOT_PROVED,1185334,435612,0
SYN068+1.p,Pelletier,PROVED,478,283,45
SYN070+1.p,Pelletier,NOT_PROVED,4153949,1228899,0
SYN073+1.p,Pelletier,NOT_PROVED,20415,9745,0
SYN079+1.p,Pelletier,TIMEOUT,7425838,2925330,0
SYN081+1.p,Pelletier,PROVED,2784,1103,4
SYN082+1.p,Pelletier,PROVED,271,39,4
SYN084+1.p,Pelletier,NOT_PROVED,1846,0,0
SYN387+1.p,Pelletier,PROVED,5,0,0
SYN388+1.p,Pelletier,PROVED,14,0,0
SYN389+1.p,Pelletier,PROVED,10,0,0
SYN390+1.p,Pelletier,PROVED,7,0,0
SYN391+1.p,Pelletier,PROVED,253,0,0
SYN392+1.p,Pelletier,PROVED,75,0,0
SYN393+1.003.p,Pelletier,PROVED,752,0,0
SYN416+1.p,Pelletier,PROVED,10,0,0
SYN001+1.p,TPTP_SYN,PROVED,18,0,0
SYN007+1.014.p,TPTP_SYN,NOT_PROVED,878,0,0
SYN036+1.p,TPTP_SYN,NOT_PROVED,71211,18602,0
SYN036+2.p,TPTP_SYN,NOT_PROVED,71323,18993,0
SYN040+1.p,TPTP_SYN,PROVED,38,0,0
SYN041+1.p,TPTP_SYN,PROVED,18,0,0
SYN044+1.p,TPTP_SYN,PROVED,271,0,0
SYN045+1.p,TPTP_SYN,PROVED,69,0,0
SYN046+1.p,TPTP_SYN,PROVED,27,0,0
SYN047+1.p,TPTP_SYN,PROVED,148,0,0
SYN048+1.p,TPTP_SYN,PROVED,27,10,1
SYN049+1.p,TPTP_SYN,PROVED,83,16,6
SYN050+1.p,TPTP_SYN,PROVED,696,424,9
SYN051+1.p,TPTP_SYN,PROVED,365,64,2
SYN052+1.p,TPTP_SYN,NOT_PROVED,3120,133,0
SYN053+1.p,TPTP_SYN,NOT_PROVED,518,0,0
SYN054+1.p,TPTP_SYN,PROVED,1606,1289,171
SYN056+1.p,TPTP_SYN,TIMEOUT,8281164,3543829,0
SYN057+1.p,TPTP_SYN,NOT_PROVED,3279093,1193836,0
SYN058+1.p,TPTP_SYN,NOT_PROVED,2820996,1558646,0
SYN059+1.p,TPTP_SYN,PROVED,585,122,18
SYN060+1.p,TPTP_SYN,PROVED,142,58,5
SYN061+1.p,TPTP_SYN,PROVED,329,179,18
SYN062+1.p,TPTP_SYN,PROVED,1436,615,0
SYN063+1.p,TPTP_SYN,NOT_PROVED,1846,0,0
SYN064+1.p,TPTP_SYN,PROVED,65,40,1
SYN065+1.p,TPTP_SYN,PROVED,1075289,864084,37
SYN066+1.p,TPTP_SYN,TIMEOUT,7959079,5088033,0
SYN067+1.p,TPTP_SYN,NOT_PROVED,1185290,435928,0
SYN068+1.p,TPTP_SYN,PROVED,478,283,45
SYN070+1.p,TPTP_SYN,NOT_PROVED,4153949,1228899,0
SYN073+1.p,TPTP_SYN,NOT_PROVED,20415,9745,0
SYN079+1.p,TPTP_SYN,TIMEOUT,7500466,2954729,0
SYN081+1.p,TPTP_SYN,PROVED,2784,1103,4
SYN082+1.p,TPTP_SYN,PROVED,271,39,4
SYN084+1.p,TPTP_SYN,NOT_PROVED,1846,0,0
SYN315+1.p,TPTP_SYN,PROVED,273,46,4
SYN316+1.p,TPTP_SYN,NOT_PROVED,1022,298,0
SYN317+1.p,TPTP_SYN,PROVED,335,169,10
SYN318+1.p,TPTP_SYN,NOT_PROVED,1578,316,0
SYN319+1.p,TPTP_SYN,NOT_PROVED,47818,7754,0
SYN320+1.p,TPTP_SYN,NOT_PROVED,4938,1975,0
SYN321+1.p,TPTP_SYN,NOT_PROVED,902199,409551,0
SYN322+1.p,TPTP_SYN,NOT_PROVED,72494,48156,0
SYN323+1.p,TPTP_SYN,NOT_PROVED,8462,2626,0
SYN324+1.p,TPTP_SYN,NOT_PROVED,9974,1662,0
SYN325+1.p,TPTP_SYN,PROVED,193,48,4
SYN326+1.p,TPTP_SYN,NOT_PROVED,1786,303,0
SYN327+1.p,TPTP_SYN,PROVED,108,14,2
SYN330+1.p,TPTP_SYN,TIMEOUT,5608977,731606,0
SYN331+1.p,TPTP_SYN,NOT_PROVED,15546,5182,0
SYN333+1.p,TPTP_SYN,PROVED,1312,596,5
SYN334+1.p,TPTP_SYN,NOT_PROVED,24722,7063,0
SYN335+1.p,TPTP_SYN,NOT_PROVED,14311382,3434732,0
SYN336+1.p,TPTP_SYN,PROVED,186,87,1
SYN337+1.p,TPTP_SYN,NOT_PROVED,2513,443,0
SYN338+1.p,TPTP_SYN,PROVED,443,253,1
SYN339+1.p,TPTP_SYN,PROVED,230,155,1
SYN340+1.p,TPTP_SYN,PROVED,89954,73599,0
SYN341+1.p,TPTP_SYN,PROVED,1159,748,1
SYN342+1.p,TPTP_SYN,TIMEOUT,6173930,5255627,0
SYN343+1.p,TPTP_SYN,PROVED,52,28,3
SYN344+1.p,TPTP_SYN,NOT_PROVED,7422,1708,0
SYN345+1.p,TPTP_SYN,NOT_PROVED,188169,51874,0
SYN346+1.p,TPTP_SYN,PROVED,66,18,2
SYN347+1.p,TPTP_SYN,PROVED,10517,1467,8
SYN348+1.p,TPTP_SYN,NOT_PROVED,211580,17632,0
SYN349+1.p,TPTP_SYN,PROVED,2883,339,13
SYN350+1.p,TPTP_SYN,NOT_PROVED,17298,4236,0
SYN351+1.p,TPTP_SYN,PROVED,28814,6860,3
SYN352+1.p,TPTP_SYN,NOT_PROVED,304665,52228,0
SYN354+1.p,TPTP_SYN,NOT_PROVED,853589,100422,0
SYN355+1.p,TPTP_SYN,PROVED,56,16,3
SYN356+1.p,TPTP_SYN,PROVED,3044,1074,4
SYN357+1.p,TPTP_SYN,PROVED,9,3,1
SYN358+1.p,TPTP_SYN,PROVED,148,44,2
SYN359+1.p,TPTP_SYN,PROVED,2721,1918,71
SYN360+1.p,TPTP_SYN,NOT_PROVED,6597479,4931804,0
SYN361+1.p,TPTP_SYN,PROVED,621,444,29
SYN362+1.p,TPTP_SYN,PROVED,5033,2971,5
SYN363+1.p,TPTP_SYN,TIMEOUT,7442161,4977598,0
SYN364+1.p,TPTP_SYN,TIMEOUT,8138749,5527949,0
SYN365+1.p,TPTP_SYN,TIMEOUT,7456354,3808353,0
SYN366+1.p,TPTP_SYN,PROVED,55,28,1
SYN367+1.p,TPTP_SYN,NOT_PROVED,514,0,0
SYN368+1.p,TPTP_SYN,PROVED,27,10,1
SYN369+1.p,TPTP_SYN,NOT_PROVED,10342,4723,0
SYN370+1.p,TPTP_SYN,TIMEOUT,6851952,3539712,0
SYN371+1.p,TPTP_SYN,PROVED,46,20,5
SYN372+1.p,TPTP_SYN,PROVED,30,12,2
SYN373+1.p,TPTP_SYN,PROVED,213,82,13
SYN374+1.p,TPTP_SYN,NOT_PROVED,10790,4188,0
SYN375+1.p,TPTP_SYN,NOT_PROVED,8479,1311,0
SYN376+1.p,TPTP_SYN,NOT_PROVED,20971,3813,0
SYN377+1.p,TPTP_SYN,NOT_PROVED,2702,524,0
SYN378+1.p,TPTP_SYN,NOT_PROVED,398,0,0
SYN379+1.p,TPTP_SYN,NOT_PROVED,59490,38879,0
SYN380+1.p,TPTP_SYN,NOT_PROVED,2726,1030,0
SYN381+1.p,TPTP_SYN,TIMEOUT,6629322,3314661,0
SYN382+1.p,TPTP_SYN,TIMEOUT,4809217,2879806,0
SYN383+1.p,TPTP_SYN,PROVED,69,18,1
SYN384+1.p,TPTP_SYN,PROVED,66,41,1
SYN385+1.p,TPTP_SYN,PROVED,35,11,1
SYN386+1.p,TPTP_SYN,TIMEOUT,6284283,4701347,0
SYN387+1.p,TPTP_SYN,PROVED,5,0,0
SYN388+1.p,TPTP_SYN,PROVED,14,0,0
SYN389+1.p,TPTP_SYN,PROVED,10,0,0
SYN390+1.p,TPTP_SYN,PROVED,7,0,0
SYN391+1.p,TPTP_SYN,PROVED,253,0,0
SYN392+1.p,TPTP_SYN,PROVED,75,0,0
SYN393+1.003.p,TPTP_SYN,PROVED,752,0,0
SYN394+1.p,TPTP_SYN,NOT_PROVED,458,0,0
SYN395+1.p,TPTP_SYN,PROVED,33,13,4
SYN396+1.p,TPTP_SYN,PROVED,263,88,3
SYN397+1.p,TPTP_SYN,NOT_PROVED,759,0,0
SYN398+1.p,TPTP_SYN,NOT_PROVED,522,0,0
SYN399+1.p,TPTP_SYN,NOT_PROVED,2745,0,0
SYN400+1.p,TPTP_SYN,PROVED,11,0,0
SYN401+1.p,TPTP_SYN,NOT_PROVED,269,0,0
SYN402+1.p,TPTP_SYN,PROVED,9,2,1
SYN403+1.p,TPTP_SYN,PROVED,39,0,0
SYN404+1.p,TPTP_SYN,PROVED,9,2,1
SYN405+1.p,TPTP_SYN,PROVED,111,66,3
SYN406+1.p,TPTP_SYN,PROVED,277,136,5
SYN407+1.p,TPTP_SYN,NOT_PROVED,1394,255,0
SYN408+1.p,TPTP_SYN,NOT_PROVED,269,0,0
SYN409+1.p,TPTP_SYN,NOT_PROVED,458,0,0
SYN410+1.p,TPTP_SYN,PROVED,22,7,1
SYN411+1.p,TPTP_SYN,NOT_PROVED,658,0,0
SYN412+1.p,TPTP_SYN,PROVED,60,7,2
SYN413+1.p,TPTP_SYN,NOT_PROVED,100914,44077,0
SYN414+1.p,TPTP_SYN,NOT_PROVED,3607,0,0
SYN416+1.p,TPTP_SYN,PROVED,10,0,0
SYN457+1.p,TPTP_SYN,NOT_PROVED,878,225,0
SYN548+1.p,TPTP_SYN,TIMEOUT,6447357,3114244,0
SYN549+1.p,TPTP_SYN,TIMEOUT,6266294,4390498,0
SYN721+1.p,TPTP_SYN,TIMEOUT,7940781,5712120,0
SYN722+1.p,TPTP_SYN,NOT_PROVED,313532,81286,0
SYN723+1.p,TPTP_SYN,NOT_PROVED,85054,33415,0
SYN724+1.p,TPTP_SYN,NOT_PROVED,1390,49,0
SYN725+1.p,TPTP_SYN,NOT_PROVED,398,0,0
SYN726+1.p,TPTP_SYN,TIMEOUT,5597982,4138701,0
SYN727+1.p,TPTP_SYN,TIMEOUT,7417540,4961147,0
SYN728+1.p,TPTP_SYN,TIMEOUT,8319826,5650939,0
SYN729+1.p,TPTP_SYN,TIMEOUT,7620631,3884302,0
SYN730+1.p,TPTP_SYN,TIMEOUT,7039788,3636748,0
SYN731+1.p,TPTP_SYN,TIMEOUT,6940306,6428482,0
SYN732+1.p,TPTP_SYN,PROVED,66,51,4
SYN733+1.p,TPTP_SYN,PROVED,40,14,4
SYN917+1.p,TPTP_SYN,NOT_PROVED,2550,1052,0
SYN918+1.p,TPTP_SYN,NOT_PROVED,8394,3373,0
SYN919+1.p,TPTP_SYN,PROVED,5512,2705,41
SYN920+1.p,TPTP_SYN,NOT_PROVED,32571,16042,0
SYN921+1.p,TPTP_SYN,PROVED,55,12,1
SYN922+1.p,TPTP_SYN,NOT_PROVED,647,154,0
SYN923+1.p,TPTP_SYN,PROVED,29,9,3
SYN924+1.p,TPTP_SYN,PROVED,329,183,7
SYN925+1.p,TPTP_SYN,PROVED,20,8,1
SYN926+1.p,TPTP_SYN,PROVED,29,15,3
SYN927+1.p,TPTP_SYN,NOT_PROVED,269,0,0
SYN928+1.p,TPTP_SYN,PROVED,9,2,1
SYN929+1.p,TPTP_SYN,NOT_PROVED,269,0,0
SYN930+1.p,TPTP_SYN,NOT_PROVED,458,46,0
SYN931+1.p,TPTP_SYN,PROVED,141,41,2
SYN932+1.p,TPTP_SYN,PROVED,11,3,0
SYN933+1.p,TPTP_SYN,PROVED,11,0,0
SYN934+1.p,TPTP_SYN,PROVED,145,47,3
SYN935+1.p,TPTP_SYN,PROVED,104,24,3
SYN936+1.p,TPTP_SYN,NOT_PROVED,518,37,0
SYN937+1.p,TPTP_SYN,NOT_PROVED,1118,157,0
SYN939+1.p,TPTP_SYN,TIMEOUT,11154138,3532144,0
SYN940+1.p,TPTP_SYN,TIMEOUT,10796249,4271831,0
SYN941+1.p,TPTP_SYN,PROVED,284076,112577,0
SYN942+1.p,TPTP_SYN,PROVED,588,285,10
SYN943+1.p,TPTP_SYN,TIMEOUT,3067238,2023072,0
SYN944+1.p,TPTP_SYN,PROVED,204545,144952,415
SYN945+1.p,TPTP_SYN,NOT_PROVED,398,0,0
SYN946+1.p,TPTP_SYN,PROVED,41,19,1
SYN947+1.p,TPTP_SYN,NOT_PROVED,5778,4066,0
SYN948+1.p,TPTP_SYN,PROVED,20,8,1
SYN949+1.p,TPTP_SYN,PROVED,204545,144952,415
SYN950+1.p,TPTP_SYN,NOT_PROVED,3818,245,0
SYN951+1.p,TPTP_SYN,PROVED,51,16,1
SYN952+1.p,TPTP_SYN,PROVED,9,2,1
SYN953+1.p,TPTP_SYN,NOT_PROVED,458,0,0
SYN954+1.p,TPTP_SYN,NOT_PROVED,3818,245,0
SYN955+1.p,TPTP_SYN,PROVED,33,13,4
SYN956+1.p,TPTP_SYN,PROVED,137,52,3
SYN957+1.p,TPTP_SYN,PROVED,60,7,2
SYN958+1.p,TPTP_SYN,PROVED,32,15,3
SYN959+1.p,TPTP_SYN,PROVED,14,7,1
SYN960+1.p,TPTP_SYN,PROVED,460,320,3
SYN961+1.p,TPTP_SYN,NOT_PROVED,398,0,0
SYN962+1.p,TPTP_SYN,NOT_PROVED,334,0,0
SYN963+1.p,TPTP_SYN,PROVED,61,24,3
SYN964+1.p,TPTP_SYN,PROVED,9,5,1
SYN965+1.p,TPTP_SYN,PROVED,669,353,3
SYN966+1.p,TPTP_SYN,NOT_PROVED,3295,0,0
SYN967+1.p,TPTP_SYN,NOT_PROVED,3818,245,0
SYN968+1.p,TPTP_SYN,PROVED,27,10,1
SYN969+1.p,TPTP_SYN,NOT_PROVED,1358,297,0
SYN970+1.p,TPTP_SYN,PROVED,29,9,2
SYN971+1.p,TPTP_SYN,PROVED,9,5,1
SYN972+1.p,TPTP_SYN,TIMEOUT,6186008,2474403,0
SYN973+1.p,TPTP_SYN,PROVED,2,0,0
SYN974+1.p,TPTP_SYN,PROVED,9,5,1
SYN975+1.p,TPTP_SYN,NOT_PROVED,334,0,0
SYN976+1.p,TPTP_SYN,PROVED,30,7,2
SYN977+1.p,TPTP_SYN,PROVED,16,0,0
SYN978+1.p,TPTP_SYN,PROVED,16,0,0
SYN979+1.p,TPTP_SYN,PROVED,575,119,3
SYN980+1.p,TPTP_SYN,TIMEOUT,8627837,3977721,0
SYN981+1.p,TPTP_SYN,PROVED,527,243,9
LB301+1.p,LogicBench,PROVED,45,19,4
LB302+1.p,LogicBench,PROVED,45,19,4
LB303+1.p,LogicBench,PROVED,45,19,4
LB304+1.p,LogicBench,PROVED,45,19,4
LB305+1.p,LogicBench,PROVED,45,19,4
LB306+1.p,LogicBench,PROVED,77,48,16
LB307+1.p,LogicBench,PROVED,77,48,14
LB308+1.p,LogicBench,PROVED,77,48,21
LB309+1.p,LogicBench,PROVED,77,48,21
LB310+1.p,LogicBench,PROVED,77,48,21
LB311+1.p,LogicBench,PROVED,221,149,123
LB312+1.p,LogicBench,PROVED,221,146,68
LB313+1.p,LogicBench,PROVED,221,149,102
LB314+1.p,LogicBench,PROVED,221,150,132
LB315+1.p,LogicBench,PROVED,221,152,97
LB316+1.p,LogicBench,PROVED,388,270,568
LB317+1.p,LogicBench,PROVED,388,251,444
LB318+1.p,LogicBench,PROVED,388,267,649
LB319+1.p,LogicBench,PROVED,388,266,732
LB320+1.p,LogicBench,PROVED,388,273,594
LB321+1.p,LogicBench,PROVED,645,455,2346
LB322+1.p,LogicBench,PROVED,645,423,2907
LB323+1.p,LogicBench,PROVED,645,428,4135
LB324+1.p,LogicBench,PROVED,645,433,4179
LB325+1.p,LogicBench,PROVED,645,442,2642
LB326+1.p,LogicBench,PROVED,1022,676,7292
LB327+1.p,LogicBench,PROVED,1022,609,9383
LB328+1.p,LogicBench,PROVED,1022,643,21335
LB329+1.p,LogicBench,PROVED,1022,678,15341
LB330+1.p,LogicBench,PROVED,1022,701,11663
LB331+1.p,LogicBench,PROVED,4997,3002,36992
LB332+1.p,LogicBench,PROVED,4997,2833,45742
LB333+1.p,LogicBench,PROVED,4997,3048,107606
LB334+1.p,LogicBench,PROVED,4997,3332,82351
LB335+1.p,LogicBench,PROVED,4997,3469,49521
LB336+1.p,LogicBench,PROVED,8745,5827,0
LB337+1.p,LogicBench,PROVED,8745,4900,0
LB338+1.p,LogicBench,PROVED,8745,5512,0
LB339+1.p,LogicBench,PROVED,8745,5581,0
LB340+1.p,LogicBench,PROVED,8745,6262,0
LB341+1.p,LogicBench,PROVED,14479,7675,0
LB342+1.p,LogicBench,PROVED,14479,8346,0
LB343+1.p,LogicBench,PROVED,14479,9693,0
LB344+1.p,LogicBench,PROVED,14479,10343,0
LB345+1.p,LogicBench,PROVED,14479,8612,0
LB346+1.p,LogicBench,PROVED,22752,14063,0
LB347+1.p,LogicBench,PROVED,22752,14278,0
LB348+1.p,LogicBench,PROVED,22752,16169,0
LB349+1.p,LogicBench,PROVED,22752,17771,0
LB350+1.p,LogicBench,PROVED,22752,16917,0
LB351+1.p,LogicBench,PROVED,39,6,2
LB352+1.p,LogicBench,PROVED,39,6,2
LB353+1.p,LogicBench,PROVED,39,6,2
LB354+1.p,LogicBench,PROVED,39,6,2
LB355+1.p,LogicBench,PROVED,39,6,2
LB356+1.p,LogicBench,PROVED,39,6,2
LB357+1.p,LogicBench,PROVED,39,6,2
LB358+1.p,LogicBench,PROVED,39,6,2
LB359+1.p,LogicBench,PROVED,39,6,2
LB360+1.p,LogicBench,PROVED,39,6,2
LB361+1.p,LogicBench,PROVED,39,6,2
LB362+1.p,LogicBench,PROVED,39,6,2
LB363+1.p,LogicBench,PROVED,39,6,2
LB364+1.p,LogicBench,PROVED,39,6,2
LB365+1.p,LogicBench,PROVED,39,6,2
LB366+1.p,LogicBench,PROVED,39,6,2
LB367+1.p,LogicBench,PROVED,39,6,2
LB368+1.p,LogicBench,PROVED,39,6,2
LB369+1.p,LogicBench,PROVED,39,6,2
LB370+1.p,LogicBench,PROVED,39,6,2
LB371+1.p,LogicBench,PROVED,39,6,2
LB372+1.p,LogicBench,PROVED,39,6,2
LB373+1.p,LogicBench,PROVED,39,6,2
LB374+1.p,LogicBench,PROVED,39,6,2
LB375+1.p,LogicBench,PROVED,39,6,2
LB376+1.p,LogicBench,PROVED,39,6,2
LB377+1.p,LogicBench,PROVED,39,6,2
LB378+1.p,LogicBench,PROVED,39,6,2
LB379+1.p,LogicBench,PROVED,39,6,2
LB380+1.p,LogicBench,PROVED,39,6,2
LB381+1.p,LogicBench,PROVED,65,37,6
LB382+1.p,LogicBench,PROVED,65,37,6
LB383+1.p,LogicBench,PROVED,65,37,6
LB384+1.p,LogicBench,PROVED,65,37,6
LB385+1.p,LogicBench,PROVED,65,37,6
LB386+1.p,LogicBench,PROVED,100,68,8
LB387+1.p,LogicBench,PROVED,100,68,8
LB388+1.p,LogicBench,PROVED,100,68,8
LB389+1.p,LogicBench,PROVED,100,68,8
LB390+1.p,LogicBench,PROVED,100,68,8
LB391+1.p,LogicBench,PROVED,150,113,10
LB392+1.p,LogicBench,PROVED,150,113,10
LB393+1.p,LogicBench,PROVED,150,113,10
LB394+1.p,LogicBench,PROVED,150,113,10
LB395+1.p,LogicBench,PROVED,150,113,10
LB396+1.p,LogicBench,PROVED,201,161,12
LB397+1.p,LogicBench,PROVED,201,161,12
LB398+1.p,LogicBench,PROVED,201,161,12
LB399+1.p,LogicBench,PROVED,201,161,12
LB400+1.p,LogicBench,PROVED,201,161,12
LB401+1.p,LogicBench,PROVED,274,230,14
LB402+1.p,LogicBench,PROVED,274,230,14
LB403+1.p,LogicBench,PROVED,274,230,14
LB404+1.p,LogicBench,PROVED,274,230,14
LB405+1.p,LogicBench,PROVED,274,230,14
LB_BE_01.p,LogicBench,PROVED,21,4,2
LB_BE_02.p,LogicBench,PROVED,21,4,2
LB_BE_03.p,LogicBench,PROVED,21,4,2
LB_BE_04.p,LogicBench,PROVED,21,4,2
LB_BE_05.p,LogicBench,PROVED,21,4,2
LB_BE_06.p,LogicBench,PROVED,21,4,2
LB_BE_07.p,LogicBench,PROVED,21,4,2
LB_BE_08.p,LogicBench,PROVED,21,4,2
LB_BE_09.p,LogicBench,PROVED,21,4,2
LB_BE_10.p,LogicBench,PROVED,21,4,2
LB_BI_01.p,LogicBench,PROVED,60,22,4
LB_BI_02.p,LogicBench,PROVED,60,22,4
LB_BI_03.p,LogicBench,PROVED,60,22,4
LB_BI_04.p,LogicBench,PROVED,60,22,4
LB_BI_05.p,LogicBench,PROVED,60,22,4
LB_BI_06.p,LogicBench,PROVED,60,22,4
LB_BI_07.p,LogicBench,PROVED,60,22,4
LB_BI_08.p,LogicBench,PROVED,60,22,4
LB_BI_09.p,LogicBench,PROVED,60,22,4
LB_BI_10.p,LogicBench,PROVED,60,22,4
LB_CD_01.p,LogicBench,PROVED,70,27,4
LB_CD_02.p,LogicBench,PROVED,70,27,4
LB_CD_03.p,LogicBench,PROVED,70,27,4
LB_CD_04.p,LogicBench,PROVED,70,27,4
LB_CD_05.p,LogicBench,PROVED,70,27,4
LB_CD_06.p,LogicBench,PROVED,70,27,4
LB_CD_07.p,LogicBench,PROVED,70,27,4
LB_CD_08.p,LogicBench,PROVED,70,27,4
LB_CD_09.p,LogicBench,PROVED,70,27,4
LB_CD_10.p,LogicBench,PROVED,70,27,4
LB_CE_01.p,LogicBench,PROVED,5,0,0
LB_CE_02.p,LogicBench,PROVED,5,0,0
LB_CE_03.p,LogicBench,PROVED,5,0,0
LB_CE_04.p,LogicBench,PROVED,5,0,0
LB_CE_05.p,LogicBench,PROVED,5,0,0
LB_CE_06.p,LogicBench,PROVED,5,0,0
LB_CE_07.p,LogicBench,PROVED,5,0,0
LB_CE_08.p,LogicBench,PROVED,5,0,0
LB_CE_09.p,LogicBench,PROVED,5,0,0
LB_CE_10.p,LogicBench,PROVED,5,0,0
LB_CI_01.p,LogicBench,PROVED,2,0,0
LB_CI_02.p,LogicBench,PROVED,2,0,0
LB_CI_03.p,LogicBench,PROVED,2,0,0
LB_CI_04.p,LogicBench,PROVED,2,0,0
LB_CI_05.p,LogicBench,PROVED,2,0,0
LB_CI_06.p,LogicBench,PROVED,2,0,0
LB_CI_07.p,LogicBench,PROVED,2,0,0
LB_CI_08.p,LogicBench,PROVED,2,0,0
LB_CI_09.p,LogicBench,PROVED,2,0,0
LB_CI_10.p,LogicBench,PROVED,2,0,0
LB_CP_01.p,LogicBench,PROVED,42,5,2
LB_CP_02.p,LogicBench,PROVED,42,5,2
LB_CP_03.p,LogicBench,PROVED,42,5,2
LB_CP_04.p,LogicBench,PROVED,42,5,2
LB_CP_05.p,LogicBench,PROVED,42,5,2
LB_CP_06.p,LogicBench,PROVED,42,5,2
LB_CP_07.p,LogicBench,PROVED,42,5,2
LB_CP_08.p,LogicBench,PROVED,42,5,2
LB_CP_09.p,LogicBench,PROVED,42,5,2
LB_CP_10.p,LogicBench,PROVED,42,5,2
LB_DI_01.p,LogicBench,PROVED,5,0,0
LB_DI_02.p,LogicBench,PROVED,5,0,0
LB_DI_03.p,LogicBench,PROVED,5,0,0
LB_DI_04.p,LogicBench,PROVED,5,0,0
LB_DI_05.p,LogicBench,PROVED,5,0,0
LB_DI_06.p,LogicBench,PROVED,5,0,0
LB_DI_07.p,LogicBench,PROVED,5,0,0
LB_DI_08.p,LogicBench,PROVED,5,0,0
LB_DI_09.p,LogicBench,PROVED,5,0,0
LB_DI_10.p,LogicBench,PROVED,5,0,0
LB_DMA_01.p,LogicBench,PROVED,30,0,0
LB_DMA_02.p,LogicBench,PROVED,30,0,0
LB_DMA_03.p,LogicBench,PROVED,30,0,0
LB_DMA_04.p,LogicBench,PROVED,30,0,0
LB_DMA_05.p,LogicBench,PROVED,30,0,0
LB_DMA_06.p,LogicBench,PROVED,30,0,0
LB_DMA_07.p,LogicBench,PROVED,30,0,0
LB_DMA_08.p,LogicBench,PROVED,30,0,0
LB_DMA_09.p,LogicBench,PROVED,30,0,0
LB_DMA_10.p,LogicBench,PROVED,30,0,0
LB_DMO_01.p,LogicBench,PROVED,22,0,0
LB_DMO_02.p,LogicBench,PROVED,22,0,0
LB_DMO_03.p,LogicBench,PROVED,22,0,0
LB_DMO_04.p,LogicBench,PROVED,22,0,0
LB_DMO_05.p,LogicBench,PROVED,22,0,0
LB_DMO_06.p,LogicBench,PROVED,22,0,0
LB_DMO_07.p,LogicBench,PROVED,22,0,0
LB_DMO_08.p,LogicBench,PROVED,22,0,0
LB_DMO_09.p,LogicBench,PROVED,22,0,0
LB_DMO_10.p,LogicBench,PROVED,22,0,0
LB_DNE_01.p,LogicBench,PROVED,9,0,0
LB_DNE_02.p,LogicBench,PROVED,9,0,0
LB_DNE_03.p,LogicBench,PROVED,9,0,0
LB_DNE_04.p,LogicBench,PROVED,9,0,0
LB_DNE_05.p,LogicBench,PROVED,9,0,0
LB_DNE_06.p,LogicBench,PROVED,9,0,0
LB_DNE_07.p,LogicBench,PROVED,9,0,0
LB_DNE_08.p,LogicBench,PROVED,9,0,0
LB_DNE_09.p,LogicBench,PROVED,9,0,0
LB_DNE_10.p,LogicBench,PROVED,9,0,0
LB_DS_01.p,LogicBench,PROVED,15,0,0
LB_DS_02.p,LogicBench,PROVED,15,0,0
LB_DS_03.p,LogicBench,PROVED,15,0,0
LB_DS_04.p,LogicBench,PROVED,15,0,0
LB_DS_05.p,LogicBench,PROVED,15,0,0
LB_DS_06.p,LogicBench,PROVED,15,0,0
LB_DS_07.p,LogicBench,PROVED,15,0,0
LB_DS_08.p,LogicBench,PROVED,15,0,0
LB_DS_09.p,LogicBench,PROVED,15,0,0
LB_DS_10.p,LogicBench,PROVED,15,0,0
LB_EG_01.p,LogicBench,PROVED,5,2,1
LB_EG_02.p,LogicBench,PROVED,5,2,1
LB_EG_03.p,LogicBench,PROVED,5,2,1
LB_EG_04.p,LogicBench,PROVED,5,2,1
LB_EG_05.p,LogicBench,PROVED,5,2,1
LB_EG_06.p,LogicBench,PROVED,5,2,1
LB_EG_07.p,LogicBench,PROVED,5,2,1
LB_EG_08.p,LogicBench,PROVED,5,2,1
LB_EG_09.p,LogicBench,PROVED,5,2,1
LB_EG_10.p,LogicBench,PROVED,5,2,1
LB_ES_01.p,LogicBench,PROVED,40,18,3
LB_ES_02.p,LogicBench,PROVED,40,18,3
LB_ES_03.p,LogicBench,PROVED,40,18,3
LB_ES_04.p,LogicBench,PROVED,40,18,3
LB_ES_05.p,LogicBench,PROVED,40,18,3
LB_ES_06.p,LogicBench,PROVED,40,18,3
LB_ES_07.p,LogicBench,PROVED,40,18,3
LB_ES_08.p,LogicBench,PROVED,40,18,3
LB_ES_09.p,LogicBench,PROVED,40,18,3
LB_ES_10.p,LogicBench,PROVED,40,18,3
LB_HS_01.p,LogicBench,PROVED,106,41,4
LB_HS_02.p,LogicBench,PROVED,106,41,4
LB_HS_03.p,LogicBench,PROVED,106,41,4
LB_HS_04.p,LogicBench,PROVED,106,41,4
LB_HS_05.p,LogicBench,PROVED,106,41,4
LB_HS_06.p,LogicBench,PROVED,106,41,4
LB_HS_07.p,LogicBench,PROVED,106,41,4
LB_HS_08.p,LogicBench,PROVED,106,41,4
LB_HS_09.p,LogicBench,PROVED,106,41,4
LB_HS_10.p,LogicBench,PROVED,106,41,4
LB_MMP_01.p,LogicBench,PROVED,77,47,14
LB_MMP_02.p,LogicBench,PROVED,77,47,14
LB_MMP_03.p,LogicBench,PROVED,77,47,14
LB_MMP_04.p,LogicBench,PROVED,77,47,14
LB_MMP_05.p,LogicBench,PROVED,77,47,14
LB_MMP_06.p,LogicBench,PROVED,77,48,21
LB_MMP_07.p,LogicBench,PROVED,77,47,14
LB_MMP_08.p,LogicBench,PROVED,77,48,21
LB_MMP_09.p,LogicBench,PROVED,77,47,14
LB_MMP_10.p,LogicBench,PROVED,77,47,14
LB_MP_01.p,LogicBench,PROVED,15,3,2
LB_MP_02.p,LogicBench,PROVED,15,3,2
LB_MP_03.p,LogicBench,PROVED,15,3,2
LB_MP_04.p,LogicBench,PROVED,15,3,2
LB_MP_05.p,LogicBench,PROVED,15,3,2
LB_MP_06.p,LogicBench,PROVED,15,3,2
LB_MP_07.p,LogicBench,PROVED,15,3,2
LB_MP_08.p,LogicBench,PROVED,15,3,2
LB_MP_09.p,LogicBench,PROVED,15,3,2
LB_MP_10.p,LogicBench,PROVED,15,3,2
LB_MT_01.p,LogicBench,PROVED,44,6,2
LB_MT_02.p,LogicBench,PROVED,44,6,2
LB_MT_03.p,LogicBench,PROVED,44,6,2
LB_MT_04.p,LogicBench,PROVED,44,6,2
LB_MT_05.p,LogicBench,PROVED,44,6,2
LB_MT_06.p,LogicBench,PROVED,44,6,2
LB_MT_07.p,LogicBench,PROVED,44,6,2
LB_MT_08.p,LogicBench,PROVED,44,6,2
LB_MT_09.p,LogicBench,PROVED,44,6,2
LB_MT_10.p,LogicBench,PROVED,44,6,2
LB_RAA_01.p,LogicBench,PROVED,156,64,6
LB_RAA_02.p,LogicBench,PROVED,156,64,6
LB_RAA_03.p,LogicBench,PROVED,156,64,6
LB_RAA_04.p,LogicBench,PROVED,156,64,6
LB_RAA_05.p,LogicBench,PROVED,156,64,6
LB_RAA_06.p,LogicBench,PROVED,156,64,6
LB_RAA_07.p,LogicBench,PROVED,156,64,6
LB_RAA_08.p,LogicBench,PROVED,156,64,6
LB_RAA_09.p,LogicBench,PROVED,156,64,6
LB_RAA_10.p,LogicBench,PROVED,156,64,6
LB_RES_01.p,LogicBench,PROVED,45,0,0
LB_RES_02.p,LogicBench,PROVED,45,0,0
LB_RES_03.p,LogicBench,PROVED,45,0,0
LB_RES_04.p,LogicBench,PROVED,45,0,0
LB_RES_05.p,LogicBench,PROVED,45,0,0
LB_RES_06.p,LogicBench,PROVED,45,0,0
LB_RES_07.p,LogicBench,PROVED,45,0,0
LB_RES_08.p,LogicBench,PROVED,45,0,0
LB_RES_09.p,LogicBench,PROVED,45,0,0
LB_RES_10.p,LogicBench,PROVED,45,0,0
LB_UI_01.p,LogicBench,PROVED,5,2,1
LB_UI_02.p,LogicBench,PROVED,5,2,1
LB_UI_03.p,LogicBench,PROVED,5,2,1
LB_UI_04.p,LogicBench,PROVED,5,2,1
LB_UI_05.p,LogicBench,PROVED,5,2,1
LB_UI_06.p,LogicBench,PROVED,5,2,1
LB_UI_07.p,LogicBench,PROVED,5,2,1
LB_UI_08.p,LogicBench,PROVED,5,2,1
LB_UI_09.p,LogicBench,PROVED,5,2,1
LB_UI_10.p,LogicBench,PROVED,5,2,1
FOLIO001+1.p,FOLIO,PROVED,45,19,4
FOLIO002+1.p,FOLIO,NOT_PROVED,3479,1450,0
FOLIO003+1.p,FOLIO,PROVED,45,19,4
FOLIO004+1.p,FOLIO,NOT_PROVED,3479,1442,0
FOLIO005+1.p,FOLIO,PROVED,45,19,4
FOLIO006+1.p,FOLIO,NOT_PROVED,3479,1450,0
FOLIO007+1.p,FOLIO,PROVED,45,19,4
FOLIO008+1.p,FOLIO,NOT_PROVED,3479,1450,0
FOLIO009+1.p,FOLIO,PROVED,45,19,4
FOLIO010+1.p,FOLIO,NOT_PROVED,3479,1442,0
FOLIO011+1.p,FOLIO,PROVED,45,19,4
FOLIO012+1.p,FOLIO,NOT_PROVED,3479,1442,0
FOLIO013+1.p,FOLIO,PROVED,45,19,4
FOLIO014+1.p,FOLIO,NOT_PROVED,3479,1450,0
FOLIO015+1.p,FOLIO,PROVED,45,19,4
FOLIO016+1.p,FOLIO,NOT_PROVED,3479,1450,0
FOLIO017+1.p,FOLIO,PROVED,45,19,4
FOLIO018+1.p,FOLIO,NOT_PROVED,3479,1450,0
FOLIO019+1.p,FOLIO,PROVED,45,19,4
FOLIO020+1.p,FOLIO,NOT_PROVED,3479,1450,0
FOLIO021+1.p,FOLIO,PROVED,180,76,4
FOLIO022+1.p,FOLIO,PROVED,180,76,4
FOLIO023+1.p,FOLIO,PROVED,180,76,4
FOLIO024+1.p,FOLIO,PROVED,180,76,4
FOLIO025+1.p,FOLIO,PROVED,180,76,4
FOLIO026+1.p,FOLIO,PROVED,180,76,4
FOLIO027+1.p,FOLIO,PROVED,180,76,4
FOLIO028+1.p,FOLIO,PROVED,180,76,4
FOLIO029+1.p,FOLIO,PROVED,180,76,4
FOLIO030+1.p,FOLIO,PROVED,180,76,4
FOLIO031+1.p,FOLIO,PROVED,45,19,4
FOLIO032+1.p,FOLIO,PROVED,250,90,4
FOLIO033+1.p,FOLIO,PROVED,45,19,4
FOLIO034+1.p,FOLIO,PROVED,250,90,4
FOLIO035+1.p,FOLIO,PROVED,45,19,4
FOLIO036+1.p,FOLIO,PROVED,250,90,4
FOLIO037+1.p,FOLIO,PROVED,45,19,4
FOLIO038+1.p,FOLIO,PROVED,250,90,4
FOLIO039+1.p,FOLIO,PROVED,45,19,4
FOLIO040+1.p,FOLIO,PROVED,250,90,4
FOLIO041+1.p,FOLIO,PROVED,45,19,4
FOLIO042+1.p,FOLIO,PROVED,250,90,4
FOLIO043+1.p,FOLIO,PROVED,45,19,4
FOLIO044+1.p,FOLIO,PROVED,250,90,4
FOLIO045+1.p,FOLIO,PROVED,45,19,4
FOLIO046+1.p,FOLIO,PROVED,250,90,4
FOLIO047+1.p,FOLIO,PROVED,73,9,4
FOLIO048+1.p,FOLIO,NOT_PROVED,1046,118,0
FOLIO049+1.p,FOLIO,PROVED,40,18,3
FOLIO050+1.p,FOLIO,PROVED,65,37,6
FOLIO051+1.p,FOLIO,PROVED,65,37,6
FOLIO052+1.p,FOLIO,PROVED,65,37,6
FOLIO053+1.p,FOLIO,PROVED,65,37,6
FOLIO054+1.p,FOLIO,PROVED,65,37,6
FOLIO055+1.p,FOLIO,PROVED,113,35,3
FOLIO056+1.p,FOLIO,PROVED,67,25,5
FOLIO057+1.p,FOLIO,PROVED,1691,1113,24
FOLIO058+1.p,FOLIO,PROVED,1691,1113,24
FOLIO059+1.p,FOLIO,PROVED,1691,1097,42
FOLIO060+1.p,FOLIO,PROVED,1691,1097,42
FOLIO061+1.p,FOLIO,PROVED,1691,1097,42
FOLIO062+1.p,FOLIO,PROVED,15,3,2
FOLIO063+1.p,FOLIO,PROVED,15,3,2
FOLIO064+1.p,FOLIO,PROVED,15,3,2
FOLIO065+1.p,FOLIO,PROVED,15,3,2
FOLIO066+1.p,FOLIO,PROVED,15,3,2
FOLIO067+1.p,FOLIO,PROVED,15,3,2
FOLIO068+1.p,FOLIO,PROVED,15,3,2
FOLIO069+1.p,FOLIO,PROVED,15,3,2
FOLIO070+1.p,FOLIO,PROVED,15,3,2
FOLIO071+1.p,FOLIO,PROVED,15,3,2
FOLIO072+1.p,FOLIO,PROVED,15,3,2
FOLIO073+1.p,FOLIO,PROVED,15,3,2
FOLIO074+1.p,FOLIO,PROVED,15,3,2
FOLIO075+1.p,FOLIO,PROVED,15,3,2
FOLIO076+1.p,FOLIO,PROVED,15,3,2
FOLIO077+1.p,FOLIO,PROVED,15,3,2
FOLIO078+1.p,FOLIO,PROVED,15,3,2
FOLIO079+1.p,FOLIO,PROVED,15,3,2
FOLIO080+1.p,FOLIO,PROVED,15,3,2
FOLIO081+1.p,FOLIO,PROVED,15,3,2
FOLIO082+1.p,FOLIO,PROVED,15,3,2
FOLIO083+1.p,FOLIO,PROVED,15,3,2
FOLIO084+1.p,FOLIO,PROVED,15,3,2
FOLIO085+1.p,FOLIO,PROVED,15,3,2
FOLIO086+1.p,FOLIO,PROVED,15,3,2
FOLIO087+1.p,FOLIO,PROVED,15,3,2
FOLIO088+1.p,FOLIO,PROVED,15,3,2
FOLIO089+1.p,FOLIO,PROVED,15,3,2
FOLIO090+1.p,FOLIO,PROVED,15,3,2
FOLIO091+1.p,FOLIO,PROVED,15,3,2
FOLIO092+1.p,FOLIO,PROVED,15,3,2
FOLIO093+1.p,FOLIO,PROVED,15,3,2
FOLIO094+1.p,FOLIO,PROVED,77,47,14
FOLIO095+1.p,FOLIO,PROVED,221,152,63
FOLIO096+1.p,FOLIO,PROVED,388,278,260
FOLIO097+1.p,FOLIO,PROVED,645,470,967
FOLIO098+1.p,FOLIO,PROVED,1022,748,3519
FOLIO099+1.p,FOLIO,PROVED,4997,3685,13097
FOLIO201+1.p,FOLIO,PROVED,69,6,5
FOLIO202+1.p,FOLIO,NOT_PROVED,878,175,0
FOLIO203+1.p,FOLIO,NOT_PROVED,926,141,0
FOLIO204+1.p,FOLIO,NOT_PROVED,1022,98,0
FOLIO205+1.p,FOLIO,NOT_PROVED,1118,92,0
FOLIO206+1.p,FOLIO,PROVED,69,6,5
FOLIO207+1.p,FOLIO,NOT_PROVED,878,175,0
FOLIO208+1.p,FOLIO,NOT_PROVED,926,141,0
FOLIO209+1.p,FOLIO,NOT_PROVED,1022,109,0
FOLIO210+1.p,FOLIO,NOT_PROVED,1118,93,0
FOLIO211+1.p,FOLIO,PROVED,69,6,5
FOLIO212+1.p,FOLIO,NOT_PROVED,878,175,0
FOLIO213+1.p,FOLIO,NOT_PROVED,926,152,0
FOLIO214+1.p,FOLIO,NOT_PROVED,1022,98,0
FOLIO215+1.p,FOLIO,NOT_PROVED,1118,96,0
FOLIO216+1.p,FOLIO,PROVED,69,6,5
FOLIO217+1.p,FOLIO,NOT_PROVED,878,175,0
FOLIO218+1.p,FOLIO,NOT_PROVED,926,152,0
FOLIO219+1.p,FOLIO,NOT_PROVED,1022,98,0
FOLIO220+1.p,FOLIO,NOT_PROVED,1118,93,0
FOLIO221+1.p,FOLIO,PROVED,69,6,5
FOLIO222+1.p,FOLIO,NOT_PROVED,878,175,0
FOLIO223+1.p,FOLIO,NOT_PROVED,926,141,0
FOLIO224+1.p,FOLIO,NOT_PROVED,1022,109,0
FOLIO225+1.p,FOLIO,NOT_PROVED,1118,93,0
FOLIO226+1.p,FOLIO,PROVED,30,11,2
FOLIO227+1.p,FOLIO,PROVED,30,11,2
FOLIO228+1.p,FOLIO,PROVED,30,11,2
FOLIO229+1.p,FOLIO,NOT_PROVED,136,0,0
FOLIO230+1.p,FOLIO,NOT_PROVED,136,0,0
FOLIO231+1.p,FOLIO,NOT_PROVED,136,0,0
FOLIO232+1.p,FOLIO,PROVED,36,9,5
FOLIO233+1.p,FOLIO,PROVED,68,16,66
FOLIO234+1.p,FOLIO,PROVED,105,24,86
FOLIO235+1.p,FOLIO,PROVED,158,31,407
FOLIO236+1.p,FOLIO,PROVED,36,9,5
FOLIO237+1.p,FOLIO,PROVED,68,16,66
FOLIO238+1.p,FOLIO,PROVED,105,24,86
FOLIO239+1.p,FOLIO,PROVED,158,31,407
FOLIO240+1.p,FOLIO,PROVED,36,9,5
FOLIO241+1.p,FOLIO,PROVED,68,16,66
FOLIO242+1.p,FOLIO,PROVED,105,24,86
FOLIO243+1.p,FOLIO,PROVED,158,31,407
FOLIO244+1.p,FOLIO,PROVED,36,9,5
FOLIO245+1.p,FOLIO,PROVED,68,16,66
FOLIO246+1.p,FOLIO,PROVED,105,24,86
FOLIO247+1.p,FOLIO,PROVED,158,31,407
FOLIO248+1.p,FOLIO,PROVED,36,9,5
FOLIO249+1.p,FOLIO,PROVED,68,16,66
FOLIO250+1.p,FOLIO,PROVED,105,24,86
FOLIO251+1.p,FOLIO,PROVED,158,31,407
FOLIO252+1.p,FOLIO,PROVED,36,9,5
FOLIO253+1.p,FOLIO,PROVED,68,16,66
FOLIO254+1.p,FOLIO,PROVED,105,24,86
FOLIO255+1.p,FOLIO,PROVED,158,31,407
FOLIO256+1.p,FOLIO,PROVED,36,7,2
FOLIO257+1.p,FOLIO,PROVED,36,7,2
FOLIO258+1.p,FOLIO,PROVED,36,7,2
FOLIO259+1.p,FOLIO,PROVED,36,7,2
FOLIO260+1.p,FOLIO,PROVED,36,7,2
FOLIO261+1.p,FOLIO,PROVED,36,7,2
FOLIO262+1.p,FOLIO,PROVED,36,7,2
FOLIO263+1.p,FOLIO,PROVED,36,7,2
FOLIO264+1.p,FOLIO,PROVED,36,7,2
FOLIO265+1.p,FOLIO,PROVED,36,7,2
FOLIO266+1.p,FOLIO,PROVED,36,7,2
FOLIO267+1.p,FOLIO,PROVED,36,7,2
FOLIO268+1.p,FOLIO,PROVED,36,7,2
FOLIO269+1.p,FOLIO,PROVED,36,7,2
FOLIO270+1.p,FOLIO,PROVED,36,7,2
FOLIO271+1.p,FOLIO,PROVED,36,7,2
FOLIO272+1.p,FOLIO,PROVED,36,7,2
FOLIO273+1.p,FOLIO,PROVED,36,7,2
FOLIO274+1.p,FOLIO,PROVED,36,7,2
FOLIO275+1.p,FOLIO,PROVED,36,7,2
FOLIO276+1.p,FOLIO,PROVED,36,7,2
FOLIO277+1.p,FOLIO,PROVED,36,7,2
FOLIO278+1.p,FOLIO,PROVED,36,7,2
FOLIO279+1.p,FOLIO,PROVED,36,7,2
FOLIO280+1.p,FOLIO,PROVED,36,7,2
FOLIO281+1.p,FOLIO,PROVED,36,7,2
FOLIO282+1.p,FOLIO,PROVED,36,7,2
FOLIO283+1.p,FOLIO,PROVED,36,7,2
FOLIO284+1.p,FOLIO,PROVED,36,7,2
FOLIO285+1.p,FOLIO,PROVED,36,7,2
FOLIO286+1.p,FOLIO,PROVED,36,7,2
FOLIO287+1.p,FOLIO,PROVED,36,7,2
FOLIO288+1.p,FOLIO,PROVED,250,90,4
FOLIO289+1.p,FOLIO,PROVED,623,361,14
FOLIO290+1.p,FOLIO,PROVED,4046,2738,63
FOLIO291+1.p,FOLIO,PROVED,9097,6482,260
FOLIO292+1.p,FOLIO,PROVED,18520,13486,967
FOLIO293+1.p,FOLIO,PROVED,34796,25459,3519
FOLIO401+1.p,FOLIO,PROVED,5283549,1856382,3
FOLIO402+1.p,FOLIO,TIMEOUT,9431328,2990421,0
FOLIO403+1.p,FOLIO,TIMEOUT,9514919,2748754,0
FOLIO404+1.p,FOLIO,PROVED,5283549,1856382,3
FOLIO405+1.p,FOLIO,TIMEOUT,9261892,2936697,0
FOLIO406+1.p,FOLIO,TIMEOUT,9830059,2839795,0
FOLIO407+1.p,FOLIO,PROVED,5283549,1856382,3
FOLIO408+1.p,FOLIO,TIMEOUT,9348948,2964301,0
FOLIO409+1.p,FOLIO,TIMEOUT,9507341,2746565,0
FOLIO410+1.p,FOLIO,PROVED,5283549,1856382,3
FOLIO411+1.p,FOLIO,TIMEOUT,9302846,2949683,0
FOLIO412+1.p,FOLIO,TIMEOUT,9536253,2754918,0
FOLIO413+1.p,FOLIO,PROVED,5283549,1856382,3
FOLIO414+1.p,FOLIO,TIMEOUT,9614932,3048637,0
FOLIO415+1.p,FOLIO,TIMEOUT,9537322,2755226,0
FOLIO416+1.p,FOLIO,PROVED,5283549,1856382,3
FOLIO417+1.p,FOLIO,TIMEOUT,9380181,2974204,0
FOLIO418+1.p,FOLIO,TIMEOUT,9302454,2687376,0
FOLIO419+1.p,FOLIO,PROVED,5283549,1856382,3
FOLIO420+1.p,FOLIO,TIMEOUT,9437957,2992523,0
FOLIO421+1.p,FOLIO,TIMEOUT,9651834,2788308,0
FOLIO422+1.p,FOLIO,PROVED,5283549,1856382,3
FOLIO423+1.p,FOLIO,TIMEOUT,9273059,2940238,0
FOLIO424+1.p,FOLIO,TIMEOUT,9454524,2731307,0
